{"cameraMode":{"drawMode":0,"name":"Shaded","section":"Shading Mode"},"sceneLighting":true,"audioPlay":false,"sceneViewState":{"m_AlwaysRefresh":false,"showFog":true,"showSkybox":true,"showFlares":true,"showImageEffects":true,"showParticleSystems":true,"showVisualEffectGraphs":true,"m_FxEnabled":true},"in2DMode":false,"pivot":{"x":-2.7451467514038088,"y":-1.1714433431625367,"z":-1.4847760200500489},"rotation":{"x":-0.07979518920183182,"y":0.8557884693145752,"z":-0.13881777226924897,"w":-0.49192437529563906},"size":2.642771005630493,"orthographic":false}