{"cameraMode":{"drawMode":0,"name":"Shaded","section":"Shading Mode"},"sceneLighting":true,"audioPlay":false,"sceneViewState":{"m_AlwaysRefresh":false,"showFog":true,"showSkybox":true,"showFlares":true,"showImageEffects":true,"showParticleSystems":true,"showVisualEffectGraphs":true,"m_FxEnabled":true},"in2DMode":false,"pivot":{"x":2.170135974884033,"y":-0.7128567695617676,"z":0.11692464351654053},"rotation":{"x":0.07902024686336518,"y":0.6130824685096741,"z":-0.06182309240102768,"w":0.7836222648620606},"size":3.3151490688323976,"orthographic":false}